{"cameraMode":{"drawMode":0,"name":"Shaded","section":"Shading Mode"},"sceneLighting":false,"audioPlay":false,"sceneViewState":{"m_AlwaysRefresh":false,"showFog":true,"showSkybox":false,"showFlares":true,"showImageEffects":true,"showParticleSystems":true,"showVisualEffectGraphs":true,"m_FxEnabled":true},"in2DMode":false,"pivot":{"x":0.22689665853977204,"y":0.037520162761211398,"z":0.12353652715682984},"rotation":{"x":0.16829749941825868,"y":0.6665734052658081,"z":-0.15785810351371766,"w":0.7090135216712952},"size":0.2700433135032654,"orthographic":false}