{"cameraMode":{"drawMode":0,"name":"Shaded","section":"Shading Mode"},"sceneLighting":true,"audioPlay":false,"sceneViewState":{"m_AlwaysRefresh":false,"showFog":true,"showSkybox":true,"showFlares":true,"showImageEffects":true,"showParticleSystems":true,"showVisualEffectGraphs":true,"m_FxEnabled":true},"in2DMode":false,"pivot":{"x":-32.147064208984378,"y":31.955039978027345,"z":12.164844512939454},"rotation":{"x":-0.14463257789611817,"y":0.8329893946647644,"z":-0.2564617395401001,"w":-0.4688124358654022},"size":60.350162506103519,"orthographic":false}