{"cameraMode":{"drawMode":0,"name":"Shaded","section":"Shading Mode"},"sceneLighting":true,"audioPlay":false,"sceneViewState":{"m_AlwaysRefresh":false,"showFog":true,"showSkybox":true,"showFlares":true,"showImageEffects":true,"showParticleSystems":true,"showVisualEffectGraphs":true,"m_FxEnabled":true},"in2DMode":false,"pivot":{"x":-2.4469962120056154,"y":-10.415817260742188,"z":6.927913665771484},"rotation":{"x":0.5047298669815064,"y":0.15496070683002473,"z":-0.09258532524108887,"w":0.8442748785018921},"size":23.029268264770509,"orthographic":false}