{"cameraMode":{"drawMode":0,"name":"Shaded","section":"Shading Mode"},"sceneLighting":true,"audioPlay":false,"sceneViewState":{"m_AlwaysRefresh":false,"showFog":true,"showSkybox":true,"showFlares":true,"showImageEffects":true,"showParticleSystems":true,"showVisualEffectGraphs":true,"m_FxEnabled":true},"in2DMode":false,"pivot":{"x":-9.946253776550293,"y":5.097792625427246,"z":9.288451194763184},"rotation":{"x":0.6953593492507935,"y":0.003235443728044629,"z":-0.003129549790173769,"w":0.7186911106109619},"size":10.239354133605957,"orthographic":false}