{"cameraMode":{"drawMode":0,"name":"Shaded","section":"Shading Mode"},"sceneLighting":true,"audioPlay":false,"sceneViewState":{"m_AlwaysRefresh":false,"showFog":true,"showSkybox":true,"showFlares":true,"showImageEffects":true,"showParticleSystems":true,"showVisualEffectGraphs":true,"m_FxEnabled":true},"in2DMode":false,"pivot":{"x":109.75291442871094,"y":-2.465871810913086,"z":0.3314189910888672},"rotation":{"x":0.5079569816589356,"y":0.0010169013403356076,"z":-0.0005988734774291515,"w":0.8613848686218262},"size":130.38018798828126,"orthographic":false}