{"cameraMode":{"drawMode":0,"name":"Shaded","section":"Shading Mode"},"sceneLighting":true,"audioPlay":false,"sceneViewState":{"m_AlwaysRefresh":false,"showFog":true,"showSkybox":true,"showFlares":true,"showImageEffects":true,"showParticleSystems":true,"showVisualEffectGraphs":true,"m_FxEnabled":true},"in2DMode":false,"pivot":{"x":-0.48585644364356997,"y":1.6590216159820557,"z":-0.7000138163566589},"rotation":{"x":-0.49886876344680788,"y":-0.008584005758166314,"z":0.004938879981637001,"w":-0.8666432499885559},"size":1.3997776508331299,"orthographic":false}