{"cameraMode":{"drawMode":0,"name":"Shaded","section":"Shading Mode"},"sceneLighting":true,"audioPlay":false,"sceneViewState":{"m_AlwaysRefresh":false,"showFog":true,"showSkybox":true,"showFlares":true,"showImageEffects":true,"showParticleSystems":true,"showVisualEffectGraphs":true,"m_FxEnabled":true},"in2DMode":false,"pivot":{"x":-3.7090818881988527,"y":1.0044021606445313,"z":10.58329963684082},"rotation":{"x":0.7124086618423462,"y":0.00001243120823346544,"z":0.000011979287592112087,"w":0.7017995119094849},"size":19.858095169067384,"orthographic":false}