{"cameraMode":{"drawMode":0,"name":"Shaded","section":"Shading Mode"},"sceneLighting":true,"audioPlay":false,"sceneViewState":{"m_AlwaysRefresh":false,"showFog":true,"showSkybox":true,"showFlares":true,"showImageEffects":true,"showParticleSystems":true,"showVisualEffectGraphs":true,"m_FxEnabled":true},"in2DMode":false,"pivot":{"x":88.48725891113281,"y":-3.4807891845703127,"z":-13.828388214111329},"rotation":{"x":0.5047298669815064,"y":0.15496070683002473,"z":-0.09258532524108887,"w":0.8442748785018921},"size":118.12662506103516,"orthographic":false}