{"cameraMode":{"drawMode":0,"name":"Shaded","section":"Shading Mode"},"sceneLighting":false,"audioPlay":false,"sceneViewState":{"m_AlwaysRefresh":false,"showFog":true,"showSkybox":false,"showFlares":true,"showImageEffects":true,"showParticleSystems":true,"showVisualEffectGraphs":true,"m_FxEnabled":true},"in2DMode":false,"pivot":{"x":-0.6253873109817505,"y":0.6421878337860107,"z":0.7862937450408936},"rotation":{"x":-0.0032950181048363449,"y":-0.9947302341461182,"z":0.03373238071799278,"w":-0.0969962328672409},"size":0.45305222272872927,"orthographic":false}