{"cameraMode":{"drawMode":0,"name":"Shaded","section":"Shading Mode"},"sceneLighting":false,"audioPlay":false,"sceneViewState":{"m_AlwaysRefresh":false,"showFog":true,"showSkybox":false,"showFlares":true,"showImageEffects":true,"showParticleSystems":true,"showVisualEffectGraphs":true,"m_FxEnabled":true},"in2DMode":false,"pivot":{"x":0.04775553569197655,"y":0.07572470605373383,"z":-0.003500312566757202},"rotation":{"x":0.18248052895069123,"y":0.6532073616981506,"z":-0.16611920297145844,"w":0.716016411781311},"size":0.11021681129932404,"orthographic":false}