{"cameraMode":{"drawMode":0,"name":"Shaded","section":"Shading Mode"},"sceneLighting":false,"audioPlay":false,"sceneViewState":{"m_AlwaysRefresh":false,"showFog":true,"showSkybox":false,"showFlares":true,"showImageEffects":true,"showParticleSystems":true,"showVisualEffectGraphs":true,"m_FxEnabled":true},"in2DMode":false,"pivot":{"x":0.004482150077819824,"y":1.7172352075576783,"z":1.2321041822433472},"rotation":{"x":-0.02513934299349785,"y":0.8836193084716797,"z":-0.04776166006922722,"w":-0.4650874435901642},"size":0.9053372740745544,"orthographic":false}