{"cameraMode":{"drawMode":0,"name":"Shaded","section":"Shading Mode"},"sceneLighting":false,"audioPlay":false,"sceneViewState":{"m_AlwaysRefresh":false,"showFog":true,"showSkybox":false,"showFlares":true,"showImageEffects":true,"showParticleSystems":true,"showVisualEffectGraphs":true,"m_FxEnabled":true},"in2DMode":false,"pivot":{"x":0.7103025913238525,"y":0.9365241527557373,"z":0.6917046904563904},"rotation":{"x":-0.04495563358068466,"y":0.7300962805747986,"z":-0.048256225883960727,"w":-0.6801549196243286},"size":1.8061749935150147,"orthographic":false}