{"cameraMode":{"drawMode":0,"name":"Shaded","section":"Shading Mode"},"sceneLighting":false,"audioPlay":false,"sceneViewState":{"m_AlwaysRefresh":false,"showFog":true,"showSkybox":false,"showFlares":true,"showImageEffects":true,"showParticleSystems":true,"showVisualEffectGraphs":true,"m_FxEnabled":true},"in2DMode":false,"pivot":{"x":-0.006675243377685547,"y":0.11090636253356934,"z":0.07181477546691895},"rotation":{"x":0.18248052895069123,"y":0.6532073616981506,"z":-0.16611920297145844,"w":0.716016411781311},"size":0.8660253882408142,"orthographic":false}