{"cameraMode":{"drawMode":0,"name":"Shaded","section":"Shading Mode"},"sceneLighting":false,"audioPlay":false,"sceneViewState":{"m_AlwaysRefresh":false,"showFog":true,"showSkybox":false,"showFlares":true,"showImageEffects":true,"showParticleSystems":true,"showVisualEffectGraphs":true,"m_FxEnabled":true},"in2DMode":false,"pivot":{"x":-0.11489179730415344,"y":-0.056509003043174747,"z":0.0003351345658302307},"rotation":{"x":0.0968775600194931,"y":0.35602495074272158,"z":-0.03682145103812218,"w":0.9288504719734192},"size":0.24733813107013703,"orthographic":false}