{"cameraMode":{"drawMode":0,"name":"Shaded","section":"Shading Mode"},"sceneLighting":false,"audioPlay":false,"sceneViewState":{"m_AlwaysRefresh":false,"showFog":true,"showSkybox":false,"showFlares":true,"showImageEffects":true,"showParticleSystems":true,"showVisualEffectGraphs":true,"m_FxEnabled":true},"in2DMode":false,"pivot":{"x":-0.5839048624038696,"y":-0.002291440963745117,"z":0.8237218856811523},"rotation":{"x":0.12440598756074906,"y":-0.6723458170890808,"z":0.11610513180494309,"w":0.7204160094261169},"size":0.8228912949562073,"orthographic":false}