{"cameraMode":{"drawMode":0,"name":"Shaded","section":"Shading Mode"},"sceneLighting":false,"audioPlay":false,"sceneViewState":{"m_AlwaysRefresh":false,"showFog":true,"showSkybox":false,"showFlares":true,"showImageEffects":true,"showParticleSystems":true,"showVisualEffectGraphs":true,"m_FxEnabled":true},"in2DMode":false,"pivot":{"x":0.024322420358657838,"y":-0.03693072497844696,"z":0.06224583089351654},"rotation":{"x":0.20236414670944215,"y":0.7251492142677307,"z":-0.23878911137580872,"w":0.6135494112968445},"size":0.5621798038482666,"orthographic":false}