{"cameraMode":{"drawMode":0,"name":"Shaded","section":"Shading Mode"},"sceneLighting":false,"audioPlay":false,"sceneViewState":{"m_AlwaysRefresh":false,"showFog":true,"showSkybox":false,"showFlares":true,"showImageEffects":true,"showParticleSystems":true,"showVisualEffectGraphs":true,"m_FxEnabled":true},"in2DMode":false,"pivot":{"x":0.01788151264190674,"y":0.28665027022361758,"z":0.17064452171325684},"rotation":{"x":0.12440598756074906,"y":-0.6723458170890808,"z":0.11610513180494309,"w":0.7204160094261169},"size":0.7545959949493408,"orthographic":false}