{"cameraMode":{"drawMode":0,"name":"Shaded","section":"Shading Mode"},"sceneLighting":false,"audioPlay":false,"sceneViewState":{"m_AlwaysRefresh":false,"showFog":true,"showSkybox":false,"showFlares":true,"showImageEffects":true,"showParticleSystems":true,"showVisualEffectGraphs":true,"m_FxEnabled":true},"in2DMode":false,"pivot":{"x":-18.32212257385254,"y":0.625271201133728,"z":14.627240180969239},"rotation":{"x":0.07410190254449845,"y":-0.8814386129379273,"z":0.14758343994617463,"w":0.44253700971603396},"size":0.0840781182050705,"orthographic":false}