{"cameraMode":{"drawMode":0,"name":"Shaded","section":"Shading Mode"},"sceneLighting":false,"audioPlay":false,"sceneViewState":{"m_AlwaysRefresh":false,"showFog":true,"showSkybox":false,"showFlares":true,"showImageEffects":true,"showParticleSystems":true,"showVisualEffectGraphs":true,"m_FxEnabled":true},"in2DMode":false,"pivot":{"x":1.2395141124725342,"y":1.8140325546264649,"z":0.32393187284469607},"rotation":{"x":0.05562228709459305,"y":0.9133411049842835,"z":-0.13261494040489198,"w":0.3811240494251251},"size":1.4259566068649293,"orthographic":false}