{"cameraMode":{"drawMode":0,"name":"Shaded","section":"Shading Mode"},"sceneLighting":false,"audioPlay":false,"sceneViewState":{"m_AlwaysRefresh":false,"showFog":true,"showSkybox":false,"showFlares":true,"showImageEffects":true,"showParticleSystems":true,"showVisualEffectGraphs":true,"m_FxEnabled":true},"in2DMode":false,"pivot":{"x":0.10330548882484436,"y":-0.0045068711042404179,"z":-0.12935228645801545},"rotation":{"x":0.1287725865840912,"y":0.824232280254364,"z":-0.2070876955986023,"w":0.5113011002540588},"size":0.4674076735973358,"orthographic":false}